順位,カップル名(ship),Top,Top年齢,Top生年,Bottom,Bottom年齢,Bottom生年,年齢関係,Top身長,Bottom身長,身長関係,人気度(rc),
1,FreenBecky,Freen,28,1998,Becky,23,2002,Topが年上,167,165,,281,https://encrypted-tbn0.gstatic.com/images?q=tbn:ANd9GcQC7cUqqtX3kGWFV-I9HShm1hFwEbtxVmuGkhsaY29_wQ&s=10
2,MilkLove,Milk,30,1996,Love,26,2000,Topが年上,170,156,,245,https://i.namu.wiki/i/JJK590WXsAr2fRs_XWLj1YLhkiUwV1yCQHe-24Bk5L8iW1PcnRF2uZ-OkhwrlarpCmq1jeMuRJhoUz2iOE9vFQ.webp
3,Englot,Engfa,31,1995,Charlotte,27,1998,Topが年上,170,173,,205,https://encrypted-tbn0.gstatic.com/images?q=tbn:ANd9GcQz7-DYz7BbWXhZDG9-3RNnNI_Afa141zykuhmRAW4pkddtgVYCI3NOnw_v&s=10
4,LookmheeSonya,Lookmhee,27,1999,Sonya,27,1999,同い年,170,170,,189,https://encrypted-tbn0.gstatic.com/images?q=tbn:ANd9GcRRf8G_9bFP3L1cZI67yzzo5ez0TocI5bsdhEcAmzP2eiJ2VsbvLBRbwHQq&s=10
5,AppleMimu,Apple,32,1994,Mimu,26,2000,Topが年上,172,165,,185,https://encrypted-tbn0.gstatic.com/images?q=tbn:ANd9GcSgbm_cI1OgWtFid1lQ2OtmFAP2E7MeTKp16j_yohgN4y4npkAUz4ObG1k&s=10
6,NamtanFilm,Namtan,30,1996,Film,26,2000,Topが年上,169,164,,172,https://encrypted-tbn0.gstatic.com/images?q=tbn:ANd9GcROTNqT1GGUE7rkyYuzIRMcIKXn0HNCAEa13BHhSqdpQvB9CDObh9ySaww&s=10
7,ViewMim,View,24,2002,Mim,22,2004,Topが年上,172,160,,170,https://encrypted-tbn0.gstatic.com/images?q=tbn:ANd9GcSPTP9Tn5O4e9sx3OSYnaXCfGBKaqKzBHxOLuVfQF_FQ6MpH9xBiszFQxzi&s=10
8,LingOrm,Ling,31,1995,Orm,24,2002,Topが年上,168,173,,149,https://www.lingorm.site/_next/image?url=https%3A%2F%2Fres.cloudinary.com%2Fdcdvabx4m%2Fimage%2Fupload%2Fw_1920%2Cf_auto%2Cq_auto%2Fdior-lingorm-aw26-2.jpg&w=3840&q=75
9,FayMay,Fay,24,2001,May,28,1997,Topが年下,167,160,,131,https://encrypted-tbn0.gstatic.com/images?q=tbn:ANd9GcQ9jL6UoKdj-ckwsFJPIwaHAv6WGdVO9-vHwi8SHBMKR6lsBHS8GFalLj8j&s=10
10,JanJingjing,Jan,31,1995,jingjing,29,1997,Topが年上,170,174,,129,https://encrypted-tbn0.gstatic.com/images?q=tbn:ANd9GcSk7_ygXTta7jBUT7_-LoeWhJlXGPZjOParWDKE5DIBe6-321ypo7LhP5MA&s=10
11,LilyBelle,Lily,24,2002,Belle,21,2005,Topが年上,177,160,,104,https://preview.redd.it/lillybelle-v0-4g4dmalk0lgf1.png?width=640&crop=smart&auto=webp&s=115d66dcf1dd76ba67ca0e11acaf2d9276936791
12,PlaifahBebell,Plaifah,23,2003,Bebell,22,2004,Topが年上,156,155,,101,https://encrypted-tbn0.gstatic.com/images?q=tbn:ANd9GcSPn7HpO5QnPuMiEZs5QqsXM55FFNr4ZKGj4jDD_GhX1n2lYsNkgmYkklCH&s=10
13,EmiBonnie,Emi,28,1998,Bonnie,22,2004,Topが年上,165,164,,99,https://encrypted-tbn0.gstatic.com/images?q=tbn:ANd9GcSx00Ax_mo7Cs8Wst8gDVAFJxUC9_aV9yJDLyYnjQN2u8XwtRQ4weULIf_a&s=10
14,AndaLookkaew,Anda,28,1998,Lookkaew,26,2000,Topが年上,171,160,,91,https://encrypted-tbn0.gstatic.com/images?q=tbn:ANd9GcSWxzitNi2eD2iQ6lxirOK10Jpa2TdeBE1_UU9g-BbQrG2I-uwqiWQENrE&s=10
15,OrmFolk,Orm,31,1995,Folk,26,2000,Topが年上,165,155,,87,https://encrypted-tbn0.gstatic.com/images?q=tbn:ANd9GcTLYH_PsuzxsoeOl863RRWs1P8bUo7IDIMgDHX2fOJmpRQv6P_PTqV3jXmL&s=10
16,NoonPraewa,Noon,25,2001,Praewa,23,2003,Topが年上,173,160,,78,https://encrypted-tbn0.gstatic.com/images?q=tbn:ANd9GcT5zElrbaWJTreOxLeDAbQCHH4j3SzwsoqArg6ECe-ZhYU2oEHPb96ORTJ9&s=10
17,KapookCiize,Kapook,31,1994,Ciize,26,1999,Topが年上,167,155,,76,https://preview.redd.it/hoping-for-a-kapookciize-gl-series-soon-im-not-the-only-one-v0-4gzzlk2a1qqf1.jpg?width=640&crop=smart&auto=webp&s=569610e4d69087fa13718ce258eed3debe6ab6a4
18,GinJay,Ginny,25,2000,Jayna,20,2006,Topが年上,163,170,,70,https://encrypted-tbn0.gstatic.com/images?q=tbn:ANd9GcQEygBcKr5NmBTSzCJhP-uCzxckNfP1B9oICfgetGlgzls8JMSOOmMagwQ&s=10
19,MieAya,Mie,27,1999,Aya,26,2000,Topが年上,172,165,,66,https://encrypted-tbn0.gstatic.com/images?q=tbn:ANd9GcTxAV42Om5unG6wM24fOVf_7xbydNa7cinW1mtvOdDYJS9brorP9Xp44xo&s=10
20,ShellyPundao,Shelly,23,2003,Pundao,27,1999,Topが年下,170,168,,63,https://encrypted-tbn0.gstatic.com/images?q=tbn:ANd9GcRTU2iZkfbHNQ6MI-Iu02vzGa9dHZtI5CaqlKVDHTzHcOPk-EKmhoFbA7_4&s=10
21,AtomMer,Atom,28,1997,Mer,24,2001,Topが年上,165,158,,57,https://encrypted-tbn0.gstatic.com/images?q=tbn:ANd9GcR6cNoK6gRpHM2Y_AjDQ0NVSrec9PUkEeiL8AxFhoU0HuTRMHXXKvnX9BBW&s=10
22,TangkwaNur,Tangkwa,22,2003,Nur,25,2000,Topが年下,164,168,,56,https://encrypted-tbn0.gstatic.com/images?q=tbn:ANd9GcTSG8Rp_WOsE8nNjP5w1fzHEQvUzzvdLb7OhEQK3RCxw9T5H6nPa9nxtok&s=10
23,MablePangie,Mable,29,1997,Pangjie,21,2005,Topが年上,169,164,,56,https://encrypted-tbn0.gstatic.com/images?q=tbn:ANd9GcSok5PcovCf7lXWmD7uMGZqw4Xbd0U36DTUgMK92FBCkd9x0WjcvXI0IfM&s=10
24,KaoJane,Kao,31,1995,Janeyeh,27,1999,Topが年上,160,165,,56,https://i.redd.it/some-pics-of-kaojane-v0-3ndj74p9y89g1.jpg?width=1170&format=pjpg&auto=webp&s=23823c1bfad61aac9438c4def3b23b8901dd9060
25,TungpangJessie,Tungpang,27,1998,Jessie,25,2001,Topが年上,165,170,,39,https://encrypted-tbn0.gstatic.com/images?q=tbn:ANd9GcR4OOFvIBqSrgRWbtrF7UQZAhvGMUXO6GF-N0XtcQPfO3QkjSHG8SdI8BA&s=10
26,LenaMiu,Lena,26,1999,Miu,24,2001,Topが年上,170,170,,33,https://preview.redd.it/first-gl-couple-i-supported-lenamiu-v0-egeq51nedt2g1.jpg?width=640&crop=smart&auto=webp&s=56dfe248f29029b4e5e757025d06fa09f6149c0b
27,FayeAtom,Faye,31,1994,Atom,24,2001,Topが年上,175,166,,31,https://encrypted-tbn0.gstatic.com/images?q=tbn:ANd9GcTvfmlUw-FPTLEguVKn41hmSnpi5R3r6SXwuZaljADLrIOlchXcMCJrjaY&s=10
28,ShuMook,Shu,32,1994,Mook,29,1996,Topが年上,170,169,,28,https://encrypted-tbn0.gstatic.com/images?q=tbn:ANd9GcRiP_ITR07rfISqyeN3GhGHnVf24EoECaN8QH0zO-3ZqA&s
29,NikyEngland,Niky,21,2005,England,22,2004,Topが年下,159,163,,28,https://encrypted-tbn0.gstatic.com/images?q=tbn:ANd9GcRWUpPUjIoUH5FJSmUJY5eoVENKsIl7DlYNrmsP5k54tmXVGA2zj6q-lNw&s=10
30,OpalMint,Opal,23,2003,Mint,25,2001,Topが年下,154,160,,,https://encrypted-tbn0.gstatic.com/images?q=tbn:ANd9GcSwwB_emysG-xaiKwDR6L3-T_TDHdMBJXVOTLu3imXL14oy9rIVHbx4ofIS&s=10
31,PuyfaiPloy,Puyfai,21,2004,Ploy,28,1998,Topが年下,164,158,,,https://encrypted-tbn0.gstatic.com/images?q=tbn:ANd9GcTEzibTrZfnupaf1Xtm0gvsgM9ha3jfeZyxXkOGRsifBkqM5Aue-zb0oEU&s=10
32,PahnFond,Pahn,22,2004,Fond,23,2002,Topが年下,167,157,,,https://encrypted-tbn0.gstatic.com/images?q=tbn:ANd9GcTCQOFMNFUsUCzhKrrtKvf21IactdlnfkG_xp0Hp63LDqBZvwyuAQVfExrd&s=10
33,JaoyingMiwnich,Jaoying,21,2005,Miwnich,24,2002,Topが年下,167,160,,,https://encrypted-tbn0.gstatic.com/images?q=tbn:ANd9GcRNcjxNQCarjKMoDRZiZlArxUuU1K9SMgsSBHYDxgP5Bg&s=10
34,NamnuengNoey,Namnueng,29,1996,Noey,29,1997,Topが年上,161,158,,,https://encrypted-tbn0.gstatic.com/images?q=tbn:ANd9GcR7Ly2o0oPudToTWHWQk5PHSP091z11mACMz_rLXuT0vMAMI2XkDSlsSiY&s=10